1,68323,San Gabriel Bluecup,72703,1994,237
2,37552,Braunton's Milkvetch,21686,1997,273
3,73902,Eastwood's Buttercup,80562,1993,208
4,63901,Columbiadoria,38873,2006,245
5,32678,African Mesquite,37740,1994,302
6,81410,New York Dewberry,79096,1997,259
7,52482,Perennial Teosinte,90608,2012,459
8,15251,White Vervain,39085,1992,350
9,39903,Oblong-leaf Star Orchid,80388,2002,215
10,18315,Holzinger's Brachythecium Moss,80452,2001,500
11,99365,Davidson's Rockcress,63357,1999,582
12,64137,Cusqui,34762,2007,493
13,45737,Menzies' Goldenbush,74127,2005,489
14,12044,Chuckwalla Combseed,54532,2004,600
15,39001,Diplotomma Lichen,51459,1993,312
16,74688,Wildrye,48989,1999,450
17,88104,California Sunflower,33507,1998,374
18,76756,Dwarf Blue-eyed Grass,92801,1990,589
19,60430,Prairie Rosinweed,58736,2009,218
20,70115,Boulder Mountain Cinquefoil,83610,1999,278
21,25866,Orange Bush Monkeyflower,66590,2005,484
22,47052,Creeping Milkvetch,23488,1994,475
23,12703,Hybrid Oak,48803,2008,320
24,90683,Coastal Tidytips,86149,2012,259
25,61831,Limber Pine,16944,2005,243
26,89031,Blue Paloverde,20937,2006,443
27,27177,Little Purple Monkeyflower,10936,1998,438
28,40377,Balm,42489,2007,347
29,92593,Pennsylvania Blackberry,24554,2002,267
30,23257,Jones' Townsend Daisy,15701,1963,593
31,69151,Threenerve Fleabane,42261,2003,526
32,88619,Largeflower Tickseed,81093,2005,437
33,51310,Indian Frankincense,25709,1987,499
34,82030,Bluebowls,22771,2006,255
35,62017,Pinewoods Horkelia,95471,1994,233
36,79921,Sierra Currant,77883,1999,551
37,83748,Shortstalk False Bindweed,93492,1992,255
38,30591,Sphagnum,98303,2013,366
39,14824,Northern Lecidea Lichen,23937,2007,272
40,25197,Rock Fleabane,49569,2004,383
41,45545,Crevajosa,88795,2007,406
42,74895,Leafy Fleabane,99070,2005,299
43,53538,Sagebrush Fleabane,44744,2003,440
44,43231,Lemmon's Brickellbush,58901,1994,511
45,27270,Grassland Tarweed,47620,2008,327
46,72713,Goosefoot Violet,72956,1968,229
47,32698,Helonias,81930,2004,368
48,64573,Sand Fiddleleaf,87449,2000,243
49,24037,Grimmia Dry Rock Moss,86982,2006,331
50,89758,Nightflowering Wild Petunia,63726,1986,337
51,28888,White River Valley Beardtongue,44510,2013,431
52,89006,Downy Indian Paintbrush,74067,2008,591
53,23958,Anthracothecium Lichen,11377,2010,306
54,88557,Ottelia,49048,2008,243
55,30814,Field Blackberry,73367,2007,407
56,56849,Obtuseleaf Scleropodium Moss,70886,1997,275
57,43410,Gray Goldenrod,89916,1988,576
58,85708,Rim Lichen,51554,2006,463
59,40994,Kauai Schiedea,73517,1998,588
60,24588,Winged Buckwheat,45063,2003,335
61,31070,Greek Valerian,18760,2012,583
62,52926,Terrestrial Cowhorn Orchid,19583,1992,238
63,44051,Redflower Buckwheat,66747,2009,583
64,94545,Pohlia Moss,82461,1997,529
65,74139,Tyrrell's Willow,79023,1994,520
66,73557,Coastal Searocket,83475,2009,500
67,81920,Tall Blazing Star,69966,1997,581
68,87679,Wild Bergamot,79691,2001,412
69,29159,Manatee River Airplant,45738,1997,241
70,99747,Palm,19499,1993,320
71,85117,Peanut Clover,41334,1985,474
72,37930,Bejuco De Lira,38637,1994,463
73,66121,Pine Barren Goldenheather,65333,2010,203
74,84537,Chilean Waterwort,54808,2002,495
75,83901,Arching Dewberry,98192,1998,283
76,99225,Palolo Valley Rollandia,86780,2007,249
77,52658,Pyrrhospora Lichen,81869,2006,437
78,70677,Nuttall's Knotweed,53047,2007,494
79,53088,Streambank Colicwood,92029,1993,292
80,42262,Japanese Tree Lilac,32240,2001,510
81,58073,Globulinella Moss,73262,1991,528
82,75243,Whiteflower Navelwort,50831,1987,223
83,67515,Hoosier Pass Ipomopsis,35155,1994,415
84,78037,Beach Sandmat,56387,1999,444
85,46088,Floating Balsamo,67681,1996,599
86,53677,Sheep Sedge,90335,1987,567
87,26289,Crested Wheatgrass,84190,2007,357
88,95607,Lori's Columbine,39227,2003,546
89,69877,Beach Pea,13433,2000,438
90,31429,Earleaf Nightshade,34613,2005,257
91,57855,Felt Lichen,56984,1967,251
92,31977,Lindheimer's Rockdaisy,18341,1970,231
93,96263,Jumpseed,29061,2002,370
94,29022,Ozark Wakerobin,45483,1996,208
95,90745,Yellow Milkwort,82742,1994,427
96,10010,Gray Buckwheat,18265,1993,282
97,91015,Prostrate Milkweed,94660,1992,587
98,88668,Wenatchee Larkspur,88155,1984,534
99,69420,Riddell's Spikemoss,79928,1995,374
100,88438,Baffin Lecidea Lichen,82211,1984,496
101,52986,Childing Pink,67335,1998,391
102,13846,Thelocarpon Lichen,85632,2006,243
103,59284,Annual Fescue,55047,1999,409
104,81316,Saw Greenbrier,43695,1994,451
105,23669,Erect Island Spleenwort,94288,1999,475
106,25513,Kellogg's Lewisia,51258,2006,376
107,11206,Corkbark Fir,94008,2002,265
108,32272,Tall Thistle,37930,2008,437
109,92246,Pink Alumroot,35830,2005,499
110,39057,Southern Sugar Maple,42860,2006,529
111,70355,Tehachapi Linanthus,73931,1993,220
112,34800,Contracted Ricegrass,54365,2000,561
113,61132,Script Lichen,81906,2001,391
114,26282,Waihee Valley Cyanea,17454,2003,574
115,17767,Summer Coralroot,85332,1988,383
116,69574,Hooker's Milkwort,97003,2008,446
117,79164,Pond-lily,59032,1989,339
118,45848,Giant Bamboo,83620,2008,333
119,44902,Eared Rockcress,89219,1960,238
120,71881,Redscale Scaly Polypody,19099,1992,556
121,59743,American Hogpeanut,73214,1998,528
122,44649,Singlewhorl Burrobrush,84620,1999,429
123,37082,Ornate Anzia Lichen,64223,2009,204
124,90564,Sherring's Dwarf Polypody,13692,1998,324
125,56777,Guama Venezolano,52898,2006,239
126,16858,Nodding Sunray,54786,1988,504
127,56117,Ravine Fescue,44077,2009,467
128,29606,Reticulate Echinothecium Lichen,17790,1985,381
129,11081,Scarlet Beebalm,65448,1997,305
130,37894,Lepuropetalon,40111,1995,591
131,64324,Perennial Teosinte,83128,1994,567
132,21100,Crested Anoda,22662,1999,230
133,88183,Field Sagewort,34310,2000,552
134,57271,Hollyleaf Pincushionplant,19695,2008,307
135,75700,Oahu Flatsedge,34548,2000,590
136,47603,Tribolium,61429,2004,344
137,80335,Red Fir Catchfly,29669,1988,212
138,46989,Wallrocket,43627,1972,440
139,10622,Kokea Lau Li'i,13104,2012,449
140,79290,Kern's Pitted Onion,31891,2007,233
141,10567,New Mexico Fanpetals,92714,2003,313
142,65825,Narrowleaf Paleseed,20048,2007,598
143,42159,Parry's Buckwheat,10597,1994,421
144,23513,Canadian Sandspurry,64461,1994,429
145,54601,Tall Groundsel,71215,2011,318
146,71110,Maluco,81604,2002,503
147,53744,Mountain Prescott Orchid,62878,2008,348
148,84786,Yukon Wormwood,34842,1987,223
149,98988,Santa Rita Mountain Draba,45161,2003,454
150,58666,Bigleaf Paspalum,14778,2010,384
151,52140,Waterton Lakes Cryptantha,48320,2005,387
152,13546,Mangrovevine,92634,2000,205
153,32058,Carter's Buttercup,71591,2000,209
154,10283,Leptochidium Lichen,44533,2008,286
155,45109,Haleakala Sandalwood,47089,2007,380
156,33221,Coastal Flatsedge,35408,1994,505
157,29820,Sunolgrass,81797,2012,213
158,42045,Shasta Tarweed,70637,2005,505
159,53423,Parakmeria,51302,2004,495
160,50426,Arracacia,10206,1997,583
161,69344,Sarcosagium Lichen,57966,1999,256
162,47297,Bellemerea Lichen,80028,2004,266
163,11461,Sensitive Fern,77372,2001,527
164,15723,Carquinez Goldenbush,74657,1997,303
165,50854,Giant Goldenrod,70892,2005,524
166,67641,Yellow Paloverde,82467,2007,525
167,15550,Peacock Sprangletop,91703,2011,498
168,72488,Baldwin's Flatsedge,68411,1997,227
169,85399,Ulluco,78458,2008,468
170,97356,Mulford's Milkvetch,37748,1985,406
171,58440,Hollyleaf Clover,20265,2010,326
172,57856,Narrowpoint Knotweed,15284,1992,468
173,12505,China Doll,17169,2009,530
174,93928,Jamaican Forget-me-not,45302,1994,473
175,15833,Greater Galangal,35595,1990,450
176,82599,Kauai Clermontia,51808,2001,528
177,11949,Sweetroot,11945,1963,419
178,22694,Islandthicket Thoroughwort,45673,2003,320
179,49834,Finger Skin Lichen,31608,2003,351
180,17545,Dracunculus,70868,2009,318
181,29437,Hale's Rosette Lichen,34467,1997,437
182,57456,Brown Bentgrass,84748,1987,546
183,91516,Cavern Beard Lichen,27146,1968,332
184,85140,Aulu,34815,2001,445
185,66612,Sunbonnetts,36761,1990,483
186,41621,Small-leaf Spiderwort,89392,2003,468
187,76127,Pore Lichen,62072,1988,357
188,74751,Yellow Wakerobin,54935,1993,390
189,96543,Costus,43377,1994,387
190,75226,Saltwater Cress,22047,1999,321
191,98467,Desert Rose,32095,1992,383
192,64693,Cup Lichen,50482,1998,590
193,27616,Pohlia Moss,18472,2009,332
194,41994,Mountain Oxytrope,15072,2001,358
195,80636,Sandloving Monkeyflower,96467,2005,470
196,73698,Hyssopus,34787,1992,206
197,11657,Canadian Honewort,56512,1988,306
198,62861,Small-leaf Arrowwood,17717,2004,557
199,40022,Butte Desertparsley,10084,1959,256
200,32594,Ahart's Nailwort,72663,1990,269
201,60626,Mexican Oregano,45158,1998,329
202,72021,Bitterbush,57127,1993,290
203,44550,Stansbury Cliffrose,32702,1989,471
204,69069,Curveseed Butterwort,57887,2004,391
205,79344,Alpine Bladderpod,12043,1996,461
206,73547,Gray's Bedstraw,85144,1986,383
207,47538,Rimmed Lichen,68538,2004,310
208,70393,Striped Bladderwort,24985,2010,419
209,68858,Stopper,13269,1998,579
210,32567,Uvera,96660,2009,371
211,90657,Yukon Fringed Gentian,71758,2012,222
212,76103,Warnstorfia Moss,99303,1977,283
213,10631,Trujillo Coca,15504,2001,252
214,99480,Perennial Sandgrass,89583,2002,239
215,18383,Algerian Sea Lavender,30546,2009,511
216,96350,Nail Lichen,80827,2012,287
217,19843,Northern Purple Pitcherplant,58523,1999,400
218,69207,California Clematis,38055,2004,358
219,50265,Brachythecium Moss,64309,2002,517
220,47430,Lecidella Lichen,14509,2000,554
221,85741,Green Molly,97623,1985,289
222,89800,Black Oak,18448,2012,483
223,29585,Largeseed Bittercress,61313,2002,545
224,44124,Adonis Blazingstar,79606,1994,532
225,70202,Oysterwood,53134,2011,576
226,51525,Sidecluster Milkweed,44792,2012,347
227,19800,Sandbog Deathcamas,83929,1994,236
228,96995,Hornwort,54151,2002,568
229,98787,Ball Draba,67841,1976,375
230,69979,Rabbit Thorn,34697,1998,304
231,33730,Perennial Pea,54058,1995,453
232,28609,Shortleaf Alpinegold,34054,1996,367
233,81534,Grassflower,48109,2011,261
234,50919,Old Man's Whiskers,90164,2009,464
235,76456,Goldenwave Tickseed,19088,1994,532
236,18877,Great Plains Sedge,40554,1998,208
237,79454,Jepson's Pincushionplant,91387,2002,440
238,16655,Longbeard Hawkweed,31440,1998,412
239,62919,Tasmanian Bluegum,46162,1984,478
240,64375,Giant Snowdrop,72456,2001,411
241,75871,River Teatree,81372,2003,475
242,39686,Morden's Parmotrema Lichen,65911,1989,361
243,96453,False Spotted St. Johnswort,66811,2007,239
244,19990,Livermore Sandwort,72728,2004,493
245,69459,Sweet Fern,36795,1994,310
246,81193,Heath Dog Violet,58205,1994,429
247,84440,Mountain Papaya,87429,1995,544
248,28321,Jepson's Brickellbush,30460,2007,321
249,70603,Strand Tangantangan,12601,2009,437
250,62046,Blue Maidencane,67047,2005,289
251,36954,San Luis Mariposa Lily,96202,2003,555
252,56911,Spreading Pygmyleaf,19324,1986,508
253,59508,Cultivated Knotweed,32502,1997,347
254,22852,Chestnut Rose,20440,1997,474
255,14973,Bur Parsley,82113,2011,420
256,44621,Common Hoptree,57020,2012,535
257,30816,Roadside Brome,34011,1999,292
258,68266,Oceanblue Larkspur,37397,2008,515
259,83224,Jerusalem Artichoke,36047,1995,486
260,50566,False Diamondflower,10514,1998,200
261,82033,Noronhia,77586,1990,482
262,15800,Moulins' Silverskin Lichen,60923,2012,206
263,43552,Sedge,22906,1999,217
264,87743,Palo De Cachimbo,91303,2012,385
265,31077,Squarebud Daisy,16263,1989,408
266,68538,Chinese Creepingfern,75077,1999,587
267,59704,Blackeyed Susan,56916,2002,228
268,77366,Colorado Buttercup,88941,1985,502
269,91081,Trumpets,13472,2008,225
270,74191,Widgeonweed,56950,1993,481
271,97802,Sudetic Lousewort,27861,2006,399
272,61831,Homalothecium Moss,52124,2007,527
273,73983,Goosefoot Violet,80956,2005,235
274,17916,Twinbugs,12495,2007,562
275,41298,Argentine Screwbean,67399,1986,412
276,16023,Eastern Sweetshrub,76631,2003,492
277,68100,Stahl's Stopper,84894,1993,340
278,83246,Boynton's Dewberry,70409,2012,391
279,22545,Merrit,99897,1989,388
280,98332,Rosy Palafox,66937,1993,331
281,71128,Rosebud Orchid,24229,1995,238
282,28018,Ehretia,74233,1994,483
283,68154,Sicklepod Rockcress,56668,2005,577
284,74758,Yellow Birch,75511,2012,312
285,65336,Alpine Hymenopappus,98134,2007,496
286,72526,California Thelomma Lichen,55419,1994,377
287,78350,Punctelia,59379,1999,468
288,79089,White Mullein,10440,2004,421
289,97718,West Indian False Buttonweed,51463,2012,510
290,80996,White Vervain,58543,2004,283
291,44652,Fringed Brome,56384,1993,237
292,18825,Nodding Clover,86937,2009,528
293,28140,Bamboo,44314,1988,440
294,31326,Siskiyou Lewisia,55925,2007,515
295,14166,Sorghum,82697,1993,439
296,80669,Sagebrush Violet,38614,2001,466
297,11481,Wavyleaf Aster,63089,2012,506
298,22804,Weak Arctic Sedge,17889,2006,285
299,79620,Needle Lichen,27294,1999,491
300,79632,Little Spurflower,76956,2008,556
301,23769,Low Shoebutton,16683,1999,411
302,59162,Lyall's Goldenweed,92064,2003,374
303,31749,Edwards Plateau Greenthread,80682,1993,556
304,21196,Ovate Tetrodontium Moss,10485,1999,513
305,10791,Catchfly Grass,14639,2002,523
306,46389,Dotted Polypody,22396,2008,270
307,20876,Racemed Milkwort,90378,2011,461
308,72274,Telegraphweed,44082,2008,275
309,22699,Quinineweed,94344,2004,287
310,62169,Shrubby False Mallow,95336,2011,595
311,43137,Bog Goldenrod,62144,2012,590
312,53648,Streaked Bur Ragweed,16118,2008,290
313,35726,Premna,63017,2004,239
314,95310,Common Pricklypear,45864,1996,576
315,11340,Woolly Tidestromia,68396,1996,413
316,51632,Southern Lobelia,72377,1994,417
317,94570,Long Knight's-spur,74392,2004,561
318,25697,Lady's Nightcap,95376,1999,498
319,56797,Arizona Sneezeweed,73418,2002,335
320,46574,Monterey Pine,73476,2005,401
321,77148,Pygmy Leach Orchid,40104,2006,275
322,81289,Bayamon,64931,2005,440
323,39395,Tiehm's Milkvetch,51920,2003,283
324,74110,Swamp Pricklegrass,67966,2009,322
325,56775,Hepburn's Sedge,28823,1988,448
326,25573,Dropseed,95639,2008,354
327,63652,Porpidia Lichen,45731,1996,514
328,84349,Longleaf Starwort,43013,2001,305
329,99417,Pinkscale Blazing Star,69008,2002,436
330,42635,Rubia,64840,2012,310
331,26090,Pond Cypress,16417,1970,341
332,64155,Great Valley Phacelia,76509,1992,204
333,76960,Grand Devil's-claws,53100,1985,452
334,77319,Licorice Fern,87889,1999,426
335,84617,Platygyrium Moss,45651,1998,524
336,17870,Small-leaf Bittercress,82253,1995,345
337,16522,Blue Mountain Milkvetch,38867,1967,561
338,21764,Stiffbranch Bird's Beak,25094,2013,497
339,11229,Alaska Oniongrass,95430,2008,553
340,29142,Nipplefruit,82626,1986,337
341,53273,Script Lichen,96481,2012,521
342,37935,Sierra Lupine,85817,2002,508
343,86535,Little Nipple Cactus,16096,1998,419
344,16948,Cup Lichen,40069,1989,257
345,87054,Congdon's Mock Stonecrop,67946,2011,298
346,49350,Featherleaf Kittentails,51951,1994,373
347,91782,Devil's Bite,49515,2008,493
348,98116,Groundsel,81301,1994,343
349,70557,Beavertail Pricklypear,72362,2003,428
350,72891,Little Walnut,21122,1992,224
351,89613,Clustervine,50985,2001,554
352,27600,Shaggy Fleabane,69769,1999,406
353,26358,Violet Butterwort,51638,2006,384
354,44957,Giant Chainfern,54477,2011,307
355,38299,Wandflower,24248,2012,363
356,53020,Chalk Maple,66692,1992,255
357,46609,Haya Blanca,85940,2006,409
358,70107,Llerenes,67927,1996,595
359,90878,Wishbone Fiddleleaf,16627,1993,219
360,19812,Bactrospora Lichen,52366,2006,529
361,18628,Degener's Argyrautia,52783,2006,220
362,77840,Island Brittleleaf,72922,1998,227
363,13292,Desert Pale Gilia,88463,2005,421
364,78456,Maleberry,51861,2008,375
365,78691,Canadian Waterweed,74418,1998,545
366,48288,Nottoway Valley Brome,13540,2004,258
367,69218,Jewels Of Opar,72334,2007,230
368,77439,Lindberg's Sphagnum,21289,2011,427
369,50776,Cryptothele Lichen,41270,2008,391
370,24746,Striped Bladderwort,47768,2001,487
371,86663,Tussock Cottongrass,45359,2006,306
372,44161,Hermit Milkvetch,98163,2000,355
373,48339,Okanagan Valley Hawthorn,28261,1990,320
374,72997,Butterfly Orchid,19019,1997,568
375,38693,Palmer's Catchfly,10296,1991,516
376,27936,Saltmarsh Dodder,18704,1993,464
377,87610,Curvepod Yellowcress,85682,1994,507
378,20368,Lady Of The Night Cactus,53815,1996,265
379,51896,Playa Yellow Phacelia,10729,2011,335
380,83887,Christiansen's Hobsonia Lichen,75109,1968,497
381,62562,Maryland Meadowbeauty,86076,2000,392
382,62141,Golden Rimmed Navel Lichen,94101,2004,594
383,93473,Thickleaf Monardella,23940,1993,531
384,34699,Thicket Tribisee,29204,2012,437
385,96306,Common Beargrass,45988,1997,342
386,12119,Cascade Aster,11786,2006,453
387,50952,Sitka Alder,36941,2004,516
388,56892,Moreton Bay Fig,84700,2009,229
389,83599,Pseudoparmelia,95067,1990,251
390,43093,Cronquist's Blazingstar,51619,1993,351
391,73919,Huachuca Mountain Ragwort,47856,2012,589
392,12616,Forest Spleenwort,65325,1985,253
393,93365,Hybrid Oak,21929,2007,331
394,83394,Tropical Almond,29161,1999,344
395,34580,Suisun Marsh Aster,72543,2011,344
396,54335,Daisybush,43693,2003,303
397,57649,Ehrenberg's Barbula Moss,35331,1995,208
398,66525,Watson's Goosefoot,80044,1998,481
399,91950,Philonotis Moss,52474,1995,297
400,97428,Tropical Twigrush,55380,2010,480
401,92237,Panther Milkvetch,89329,1987,284
402,55098,Neglected Sunflower,54065,1988,321
403,19610,Porter's Fringed Sedge,32779,2009,298
404,23817,Fort Wingate Milkvetch,28368,2003,583
405,84889,Standley's Spikemoss,20412,2011,559
406,61924,Mustard,70324,2001,524
407,67585,Antelope Island Skeletonplant,79996,2000,597
408,78513,Daisy,35481,2007,520
409,97715,Thicketwort,70502,2009,557
410,60823,Lorent's Goatgrass,21152,2000,576
411,46092,Sterculia,33598,2012,304
412,31698,Neese's Blue Mountain Beardtongue,80128,1986,512
413,53239,Woodland Flax,74906,2003,384
414,91225,Camwood,14794,1984,369
415,72243,Prostrate Sandmat,41756,2003,284
416,74021,Oriental Lady's Thumb,32862,2012,453
417,22441,Squareflower,17516,2011,369
418,11939,Bedgrass,70052,2001,533
419,16894,Holzinger's Brachythecium Moss,21786,2000,283
420,55721,Nodding Stickseed,22179,1995,308
421,14660,Manilkara,91968,1999,594
422,82428,Devil's Bouquet,71358,1960,535
423,63164,Sprouting Leaf Willow,20039,2003,341
424,90235,Muhlenberg's Sedge,12123,2000,499
425,21664,White Poplar,65736,1994,227
426,93226,Streambank Bulrush,89882,2011,307
427,83472,Pale Five Eyes,27851,2011,355
428,31537,King's Clover,43503,2008,260
429,96971,Macoun's Candle Snuffer Moss,17345,1998,345
430,60343,Splithair Indian Paintbrush,67962,2007,432
431,88229,Bergia,99775,2005,570
432,95768,Herre's Rinodina Lichen,65780,2010,293
433,33932,Coastal Plain Dawnflower,48251,2006,596
434,15563,Maidenhair Fern,39722,2012,384
435,83591,Spreading Alkaliweed,30252,1989,554
436,11649,Elegant Stitchwort,33581,2012,545
437,52723,Red Swampfire,40115,1996,240
438,99405,Darlingplum,86608,2004,356
439,86738,Himalayan Musk Rose,69207,2006,260
440,32304,Columbian Monkshood,56231,2010,300
441,22317,Yucatan Camphorweed,83115,2002,426
442,12939,Lakecress,16260,2000,214
443,97789,Royal Tonguefern,35308,2010,340
444,74800,Mountain Fly Honeysuckle,57557,1993,374
445,84964,Porknut,17731,1972,289
446,58348,Waipio Valley Clermontia,27069,1965,600
447,39247,Forest Clermontia,97915,2004,287
448,96898,Common Sowthistle,30679,2002,241
449,69087,Small White Violet,69316,1961,368
450,32381,Calamus,48071,1999,465
451,69418,White Flowered Prairie Parsley,33646,2004,425
452,99569,Superficial Map Lichen,89867,2002,519
453,28044,Urban's Sandmat,93748,1995,587
454,92765,Narrowleaf Saw-wort,70683,2004,429
455,76723,Colorado Beardtongue,91953,1993,399
456,29050,Hispid Needle Lichen,21070,2002,298
457,87126,Pacific Island Flatsedge,66550,1993,573
458,57157,Straightleaf Rush,75260,1996,396
459,12302,Wingleaf Soapberry,22564,1987,311
460,38711,Bolander's Pohlia Moss,71104,2012,259
461,64891,Slender Centaury,63711,2006,588
462,69006,Rosy Lupine,33034,2003,289
463,27471,Common Goldenstar,98968,2006,390
464,76875,Japanese Maple,54137,1997,299
465,38338,Woolly Princesplume,65466,1992,573
466,70970,Northern Blue-eyed Grass,60777,1990,479
467,25881,Pawpaw,73684,2010,312
468,47335,Melanelia Lichen,53825,2008,450
469,18389,Campylopodiella Moss,36648,2007,550
470,13047,Musky Stork's Bill,47176,2008,582
471,30226,Herbaceous Blackberry,76824,2007,392
472,29897,Seaside Delosperma,78456,2009,536
473,56580,Traveler's Tree,56244,1998,596
474,39217,Slimflower Muhly,28093,2006,265
475,82115,Edrudia Lichen,30940,2005,501
476,10042,Alabama Swamp Flatsedge,90949,2008,244
477,19798,Thelignya Lichen,18617,2004,562
478,86101,Hawai'i Bluegrass,85683,1986,341
479,49870,Yellow Hawkweed,83044,2011,261
480,92121,Alabama Leather Flower,15840,2011,574
481,49447,Common Selfheal,22680,2010,336
482,12615,Stenocybe Lichen,26297,2001,293
483,60750,Oldplainsman,50655,1995,431
484,66574,Reinkella Lichen,33764,2005,482
485,26711,Figleaf Gourd,82267,1996,484
486,30395,Pacara Earpod Tree,31138,2009,588
487,81698,Crescent Milkvetch,52974,1993,531
488,75481,Lesser Saltmarsh Sedge,94535,2002,430
489,62335,Zion False Goldenaster,64472,2005,481
490,45317,Dwarf Marsh Violet,32406,2002,550
491,98736,Arizona Hedgehog Cactus,89444,2004,438
492,31831,Sticky Sandspurry,66531,2009,390
493,41536,White Edge Sedge,49183,2010,285
494,59974,Tweedy's Plantain,16272,2012,315
495,41201,Shortcrown Milkvine,86153,1998,538
496,19384,Hairy Wallaby Grass,83026,2005,408
497,24184,Smallawned Sedge,34517,1987,297
498,99883,Orange Lichen,84488,2012,346
499,57961,Alkali Desertparsley,94102,2003,310
500,54514,Crack Willow,99288,2005,215
501,68268,Largehead Clover,97192,1989,330
502,31327,Small Saltbush,30926,1999,487
503,51754,Platydesma,52085,1993,384
504,88134,Calamus,47930,2007,247
505,14894,Boreal Cup Lichen,60370,2009,539
506,51120,Softhair False Pennyroyal,40813,2002,282
507,85416,Cedars Mariposa Lily,95924,2000,238
508,70017,Carolina Redroot,63732,2004,390
509,57141,Peyote,96083,1996,328
510,48410,Globulinella Moss,22570,2012,519
511,97457,Bariaco,81958,1998,305
512,20723,Dogwoodleaf,37462,2004,325
513,27160,Imbricate Wattle,51649,1992,493
514,40785,Creeping Silverback,33436,1994,359
515,65503,Oxyspora,51017,2003,381
516,69089,Mountain Pepperweed,42363,2006,528
517,47048,Caesarweed,49244,1996,296
518,57428,Triquetrella Moss,42787,1992,225
519,94941,Chupa Gallo,81890,2006,248
520,93410,Hoary Pea,60382,1998,403
521,46825,Sandbox Tree,19493,1995,582
522,81388,Avens,55864,2008,444
523,41908,Limahuli Cyrtandra,45581,1995,555
524,40518,King Bladderpod,14543,1997,281
525,14312,Red Mulberry,49772,1995,432
526,49023,Oreas Moss,44234,2005,292
527,25198,Fremont's Milkvetch,41681,2011,407
528,72420,California Bedstraw,36817,1998,223
529,49080,Clipped Wild Buckwheat,70631,2008,439
530,78858,Berkheya,25733,1990,400
531,52617,Merrit,40366,2005,267
532,12433,Cusick's Bluegrass,60400,2005,284
533,55584,California Hazelnut,64155,1993,335
534,78767,Rosinweed Sunflower,73873,2012,244
535,99069,Mojave Tarweed,67308,2000,288
536,45242,Hypnum Moss,79424,1984,426
537,24021,Lung Lichen,49679,1997,497
538,57146,Evergreen Candytuft,43160,1999,565
539,48878,Dichelyma Moss,46208,2012,599
540,37402,Halberdleaf Tearthumb,18860,1999,592
541,81670,Birdcatching Sedge,18918,2002,398
542,74410,Largeflower Fleabane,52270,1998,468
543,79832,Blue Ridge Wakerobin,74009,1992,262
544,88170,Rochester Hawthorn,51897,2009,554
545,25779,Harford's Oniongrass,79231,1985,216
546,31715,Povertyweed,73464,2010,389
547,45836,Bride's Feathers,88196,2008,433
548,38785,Carolina Scalystem,63997,1995,513
549,38326,Sargent's Catchfly,87732,1995,594
550,80231,Blue Mountain Buckwheat,11033,1991,387
551,99013,Desert Ceanothus,26455,2003,277
552,70020,Bilimbi,98160,2007,556
553,67957,James' Buckwheat,70032,2010,413
554,44857,Dumortier's Daylily,70088,2009,223
555,79218,Hairy False Goldenaster,49611,1999,302
556,50153,Gumbo Milkvetch,63438,2006,476
557,49531,Slender Hawthorn,99130,2005,382
558,31867,Coastal Plain Yelloweyed Grass,18926,2000,338
559,76726,Donner Lake Lupine,55812,2002,223
560,77017,Strawberry,44185,1996,444
561,11605,Fragile Beard Lichen,70872,2007,455
562,67142,Hybrid Elm,97746,1994,369
563,42334,Crackopen,87199,2009,471
564,26386,Oahu Schiedea,88171,2002,322
565,48173,Lacy Thistle,94638,1993,488
566,81126,Honeywort,78101,2002,279
567,89620,Davidson's Blue Eyed Mary,21602,1994,304
568,31795,Harp Dandelion,19730,1995,589
569,96220,Florida Valerian,19233,1967,318
570,48755,Viper Grass,50862,1989,210
571,22275,Sumpweed,50338,2010,554
572,52488,Noddingcaps,71784,1999,276
573,10833,Giant Bellflower,48949,2004,501
574,86513,Bellybutton Veinfern,61949,1996,332
575,33096,Least Basil,53825,2003,208
576,71440,Bulrush,85162,2011,506
577,34593,Tafetan,49883,2007,562
578,10404,Hawai'i Sedge,99706,1995,517
579,61168,Raup's Indian Paintbrush,18117,1987,588
580,50997,Tall Annual Willowherb,60659,2000,259
581,23139,Montara Manzanita,59506,2005,521
582,75242,Drummond's Bruchia Moss,97090,1991,370
583,63876,Summer Farewell,15464,2001,542
584,82349,Chess-apple,36653,1994,422
585,36020,Ligulate Syrrhopodon Moss,77243,2003,354
586,63342,Columbian Mock Orange,48068,2008,564
587,24822,Siberian Wildrye,75848,1999,383
588,33695,Krapovickasia,51568,2012,558
589,21994,Little Cottonrose,71374,2013,264
590,96890,Needle Goldfields,67203,2010,449
591,28640,Buttonweed,23938,2013,374
592,65931,Largebracted Plantain,68076,2012,525
593,57739,Rinodina Lichen,48287,1999,297
594,60055,American Tomasellia Lichen,36065,1996,451
595,48030,Purple Rattlesnakeroot,64550,2010,468
596,37324,Plains Cottonwood,86947,2012,514
597,30087,Rio Grande Copperlily,77062,2010,209
598,83760,Heller's Draba,63710,1996,473
599,43356,Sunflower,79370,2012,564
600,40910,Bigleaf Sedge,89601,2002,222
601,77394,Arrowleaf Rattlesnakeroot,26447,1994,299
602,24368,Rinodina Lichen,92392,1986,440
603,22509,Genipa,77635,1999,583
604,71300,Parrotbeak Orchid,58702,2002,505
605,25748,Mycoglaena,60199,2008,368
606,56310,Maui Pritchardia,43728,1996,583
607,98114,Whiteplume Wirelettuce,80439,2012,312
608,22702,Japanese Flowering Cherry,22088,2005,288
609,27483,Maidenplum,26330,1995,440
610,15782,Threeleaf Indigo,80111,2012,229
611,78691,Purple Moorgrass,96898,1998,333
612,80482,Froststem Suncup,63836,2003,456
613,38748,Florida Speargrass,88178,2010,533
614,76111,Surf Thistle,63123,1998,235
615,49834,Sedge,49174,2012,366
616,45308,Purple Scalystem,50795,2006,277
617,67817,Tamarisk Thuidium Moss,36863,2009,347
618,61839,Tall Jointweed,65140,2010,232
619,46392,Pointed Gumweed,99297,2005,377
620,82714,Snow-wreath,86953,1992,251
621,94844,Hareleaf,35608,1998,458
622,77638,Allen Fissidens Moss,48855,2001,249
623,48748,Monterey Ceanothus,62665,2007,272
624,85656,Loeskypnum Moss,34780,1966,538
625,58154,Tropical Cowpea,72386,1994,243
626,75915,Texan Sugarberry,81638,1966,410
627,59550,October Flower,95630,2012,405
628,38894,Sierra False Bindweed,67461,2008,416
629,68811,Cusick's Milkvetch,13888,2006,545
630,61363,Arracacia,94555,1985,391
631,89854,Swamp Rose,47851,1992,326
632,56713,Destitute Rinodina Lichen,90417,2011,528
633,98116,Kane County Twinpod,26375,1993,587
634,14033,Groundsel,73817,1994,557
635,37133,Hydnocarpus,52703,2001,248
636,96548,Menzies' Tansymustard,17679,2005,559
637,90617,Sonoran Desertdandelion,13904,1992,423
638,48054,Anthracothecium Lichen,41178,1999,546
639,66764,Monkeypuzzle Tree,13085,1998,381
640,63700,Jones' Lupine,96759,2012,295
641,27953,Pestilence Wort,76266,2001,365
642,56940,Lecythis,51077,1997,511
643,52623,Pergularia,42741,2009,464
644,40245,Smooth Northern-rockcress,77294,2010,310
645,61953,Maroon Blanketflower,90331,1995,467
646,12033,Tropical Pokeweed,84537,1984,325
647,90576,Netted Anoda,70856,2007,226
648,66333,Narrow-leaf Wattle,31689,1990,260
649,32146,Twelfth Rush,72019,1992,448
650,78308,Manyflower Fawnlily,70243,2005,370
651,86341,Japanese Honewort,81773,2003,533
652,14129,Scaleleaf False Foxglove,47063,2007,474
653,89316,Streambed Nehe,26429,2006,264
654,19916,Rosy Gilia,14067,1993,208
655,85939,Castle Trail Yellow Loosestrife,30921,2009,371
656,80643,Daniellia,66723,1987,281
657,30227,Southern Amaranth,33477,1989,511
658,30733,Preuss' Milkvetch,30537,2002,488
659,72103,Ottley's Bird's-foot Trefoil,13861,2011,343
660,41299,Hayfield Tarweed,45925,2010,419
661,36359,Seaside Beebalm,21139,2012,329
662,27143,Sedge,96519,1987,470
663,26454,Yellow Bloodleaf,26777,2000,447
664,24293,Yellowflower Tarweed,23460,2008,475
665,57301,Champin's Grape,30261,2001,445
666,74688,Eltrot,33850,2002,204
667,33813,Beatley's Clover,54448,1988,580
668,57881,Fleshy Hawthorn,85894,2013,249
669,97219,Hoaryleaf Ceanothus,31652,1996,517
670,14140,Green Withe,73513,2008,508
671,34540,Celebes Pepper,91270,1926,521
672,53789,Rio Grande Phlox,97876,2012,285
673,50010,Rinodina Lichen,72832,2011,510
674,67009,Rinodina Lichen,83321,2008,210
675,16758,Bractscale,83295,1999,357
676,51649,Jelly Lichen,18625,1998,463
677,77187,Beaumont's Cup Lichen,26388,1994,569
678,99961,Rough Hedgenettle,53239,2008,373
679,13615,Tachibana Orange,70114,1984,461
680,14575,Dead Finish,80872,2000,202
681,67747,Rareflower Heterocodon,30236,1994,350
682,42210,Manyroot Navel Lichen,49088,2008,330
683,17856,Maui Pilo Kea,83560,2000,354
684,52851,Running Giant Bamboo,52913,1987,255
685,70252,Robbins' Phacelia,56316,1992,444
686,66588,White Baneberry,77910,2002,477
687,73975,Harp Onefruit,58879,2006,544
688,15681,Howell's Dicranum Moss,97897,2000,388
689,32435,Organ Mountain Larkspur,76470,1996,515
690,60931,Westwater Buckwheat,67384,2008,210
691,31406,Tall Reed,50646,1998,540
692,29713,Gray's Bur Cucumber,18751,1987,305
693,15025,Plains Muhly,89039,1985,215
694,29392,Little Sweet Betsy,48315,1999,495
695,38775,Hillside False Bindweed,73543,1996,268
696,83233,Redspot Clarkia,63962,1988,417
697,64745,Edwards Plateau Thimbleweed,95870,2011,414
698,24448,Chisos Hophornbeam,92742,2005,203
699,12887,Wart Lichen,16645,1998,443
700,11412,Fontinalis Moss,74146,1995,563
701,96880,Elongate Dicranum Moss,91947,2010,471
702,49882,Torrey's Blazingstar,40763,2002,287
703,58946,Moss Campion,66335,2008,359
704,65596,Wreath Lichen,50321,2000,331
705,42665,Dwarf Alpine Hawksbeard,38791,1999,318
706,28838,Butterfly Milkweed,38977,2002,511
707,60883,Trimmatothele Lichen,22271,1994,485
708,70140,Gyalidea Lichen,76589,1972,311
709,25909,Island Goldback Fern,27774,1986,484
710,24544,Freckled Milkvetch,94051,2007,212
711,81776,St. Lawrence Bladderfern,73327,2004,515
712,73799,Dwarf Poreleaf,16663,2003,486
713,95904,Simon Bamboo,34593,2001,238
714,75167,Heath,26059,2004,347
715,56292,Ramonia,44267,2011,242
716,98989,Deckert's Pinweed,42982,2007,552
717,65478,Pore Lichen,23940,1998,260
718,97077,Scarlet Gilia,21231,1995,376
719,25398,Rock Sage,72299,2004,505
720,46132,Sedge,19625,1993,546
721,89107,Maydell's Oxytrope,81424,2007,472
722,15917,Hangingpod Milkvetch,97016,2000,252
723,40166,Serpentine Sunflower,42998,2009,557
724,97607,Beetle Spurge,55538,2004,256
725,92117,Xanthoparmelia Lichen,44318,2010,257
726,86898,Madam Gorgon,51783,2002,473
727,16793,Goldenrain Tree,66648,1993,450
728,27924,Sequoia Bedstraw,64380,1981,346
729,56026,Rand's Goldenrod,90554,1996,501
730,81555,Paha,84645,1997,296
731,20688,Gate Canyon Buckwheat,62494,1987,586
732,38136,Groundcedar,81521,2013,571
733,53515,Whitish Gentian,75168,1996,478
734,89392,Forest Spleenwort,97977,1998,593
735,68159,Swamp Onion,63863,2005,218
736,15988,Hylocomiastrum Moss,69172,2005,455
737,55320,Danafern,44488,2002,575
738,90973,Baby's Breath,14502,1993,377
739,75815,Shield Lichen,18691,1996,485
740,53391,Rye Brome,50616,2005,551
741,71490,Whitney's False Oat,49879,2002,336
742,27099,Bulrush,11113,2009,364
743,86671,Sedge,11390,2009,578
744,95972,Prairie Bluebells,66297,1996,278
745,80625,Cacao,90553,2003,325
746,64192,Palmer's Rabbitbrush,31188,1992,391
747,43579,Tassel Grape Hyacinth,43012,2005,562
748,11869,Schimper's Campylopus Moss,79327,1997,593
749,75870,Showy Balloonvine,23382,2009,234
750,71027,Griffith's Oedipodium Moss,28616,2004,453
751,46086,Bastard Draba Milkvetch,26792,2001,550
752,95108,Brown's Waterleaf,22184,1988,305
753,25002,Chinese Kale,24131,1997,320
754,22302,Groundnut,13881,1995,426
755,49036,Hispaniolan Spleenwort,10798,1993,451
756,11927,Hybrid Oak,69952,2005,307
757,53134,Greentinge Indian Paintbrush,86930,2007,490
758,61939,Brittleleaf Manzanita,65570,2004,467
759,36680,Indian Plantain,93339,2002,491
760,52154,Alpine Spicywintergreen,23273,1991,330
761,95639,Roseroot Stonecrop,12690,1992,545
762,40672,Parks' Beeblossom,90761,2006,368
763,31865,Porpidia Lichen,54425,2003,266
764,70774,Mono Lupine,85183,2008,381
765,68701,Sunburst,19046,1995,240
766,91813,Phylliscum Lichen,23528,1997,417
767,67426,Gambel's Dwarf Milkvetch,79894,2000,454
768,60580,Prairie Phacelia,71021,2011,597
769,60004,Variable Sandmat,81539,1999,393
770,78915,Titi,71307,1986,573
771,81311,Saline Wildrye,47969,2006,493
772,50609,Coscinodon Moss,51878,1990,495
773,18882,Field Sowthistle,98595,2006,225
774,12527,Sphagnum,74508,2004,329
775,68516,False Gaura,32506,1996,320
776,63350,Snow Arnica,36870,2008,230
777,37040,Cold Withe,91724,1988,574
778,22831,Red Bartsia,55612,2007,576
779,29463,Javan Pyrgillus Lichen,75022,2009,409
780,83161,Whiplash Saxifrage,83510,2004,440
781,64788,Yadon's Piperia,73551,1997,583
782,14528,Purple-petal Bog Orchid,49631,2011,280
783,83866,Combleaf Cinquefoil,44422,1993,321
784,57199,Narrowleaf Equallip Orchid,98737,1992,387
785,50950,Cuplet Fern,42205,1984,557
786,22624,Tropical Puff,45633,2010,529
787,17166,Jamaican Nettletree,84125,1988,440
788,36006,Creeping Yellowcress,96907,2012,207
789,13902,Tough Bully,90119,2007,216
790,41533,Florida Pore Lichen,61484,1997,466
791,74064,White Mountain Saxifrage,26176,2007,383
792,40255,Gravel Milkvetch,99040,2004,388
793,20522,Keckiella,81603,2011,337
794,40588,Juan Caliente,55500,2007,372
795,28396,Wright's Jaffueliobryum Moss,49375,1990,550
796,53849,Variegated Sedge,12378,1992,323
797,31059,Hairyflower Lovegrass,90221,2006,588
798,45304,Small Camas,22752,2005,561
799,95519,Hyssopleaf Thoroughwort,62824,2007,451
800,53436,Manyflower Fawnlily,76919,2001,248
801,33187,Yosemite Dwarf Rush,31535,2000,286
802,52134,Sobralia,85751,2011,457
803,45935,Thompson's Indian Paintbrush,60067,2000,436
804,21066,Griffith's Cliostomum Lichen,13180,2001,393
805,89904,Sloughgrass,60023,1992,384
806,32225,Pond Cypress,26883,1986,214
807,46960,New York Mountain Cryptantha,86076,2004,284
808,33858,Hybrid Oak,26568,2012,555
809,64490,Great Basin Bristlecone Pine,67040,2008,225
810,49001,Lackschewitz's Fleabane,40261,2004,328
811,14053,Manchurian Yellow Loosestrife,43046,2001,337
812,13350,Eastern Mojave Buckwheat,12196,1991,421
813,13357,Upland Swampprivet,94753,2012,454
814,66968,Kiwi,11907,1989,351
815,36750,Meadow Pea,80316,1992,309
816,31047,Munj Sweetcane,91073,2004,476
817,62960,Quillwort,50518,1999,292
818,27049,Shepardscress,60288,2004,548
819,94018,Globeflower,35060,1993,230
820,60302,Ricefield Flatsedge,14391,2000,525
821,40788,Blue Wiss,18235,2005,379
822,72961,Earleaf Nightshade,89848,1999,546
823,52012,Tortured Chalice Lichen,48149,1999,489
824,68443,Common Yellow Oxalis,92731,2008,465
825,63987,Tracy's Clarkia,75910,2005,226
826,82243,Coneflower Moonlight Cactus,95290,2012,434
827,79933,Vetivergrass,60050,1985,359
828,90107,Green Cliffbrake,65218,2005,548
829,12386,Desertpeony,75377,2000,355
830,11729,True Indigo,11602,1993,309
831,86938,Robin Runaway,85141,1995,358
832,33281,Twigrush,93058,2007,532
833,83952,Shieldplant,46635,2012,218
834,82769,Fuzzy Sedge,62767,1985,509
835,29818,Hairy Milkweed,57509,2003,287
836,86267,Relicina Lichen,72497,2007,266
837,11143,Jaeger's Beardtongue,93020,1993,529
838,57666,Savinleaf Groundpine,57471,2000,236
839,52141,Pinewoods Horkelia,14910,2000,534
840,12102,Mother Lode Yampah,75305,1996,219
841,94492,Woolly Locoweed,85913,2010,240
842,18909,Baikal Sedge,16429,2001,333
843,42549,Sleepygrass,61266,2001,398
844,39883,Mointain Monkeyflower,78540,1954,440
845,58052,Gray Dogwood,81130,2001,514
846,39565,Red Kauai Rosemallow,36850,1977,593
847,42397,Wiry Panicgrass,99453,2007,396
848,98755,Strict Blue-eyed Grass,10124,2008,575
849,58829,Stout Smartweed,26209,2007,551
850,73803,Twisted Spikerush,39953,2006,221
851,33793,Cubeb,59751,2008,394
852,69051,Pointed Cryptantha,84948,1994,306
853,76786,Hampton False Foxglove,42503,2011,432
854,81327,Shortstyle Draba,39849,1998,372
855,69341,Prairie Rose,71649,2006,308
856,96738,Fallflowering Pleatleaf,85492,2000,426
857,96050,Michelia,25277,2010,385
858,34480,Field Garlic,75436,1977,349
859,32111,American Alpine Speedwell,30370,2011,451
860,58162,Brachymenium Moss,81915,2007,334
861,40172,Lesser Baby Innocence,84294,2010,531
862,47708,Wart Lichen,56457,1961,529
863,54577,Roundleaf Serviceberry,89099,1989,410
864,74017,Barrio Charcas Maiden Fern,71750,2004,529
865,70245,Manchurian Wildrice,38627,1991,255
866,79984,Chiricahua Dwarf Gentian,78884,1988,410
867,47287,Crystal Springs Lessingia,51063,1993,322
868,35831,Devilwood,13727,1998,457
869,43177,Silkleaf,93003,2007,360
870,34430,Grizzlybear Pricklypear,61254,2006,515
871,32741,Spurry Buckwheat,93601,1992,438
872,59713,Possumhaw,55805,1997,543
873,19514,Canada Lily,16495,2008,501
874,99035,Climbing Fern,16419,2012,529
875,23095,Letrouitia Lichen,41273,2007,370
876,19600,Texas Broomweed,23451,1996,454
877,11037,Marginal False Spleenwort,99043,2011,432
878,79192,Hairspine Pricklypear,99224,2000,337
879,71255,Weak-nerved Sedge,71341,1963,264
880,60374,Nevada Goldenrod,17551,2012,318
881,54706,Eastern Waterleaf,36830,1989,356
882,58021,British Columbia Wildginger,60599,2007,368
883,82206,Narrowleaf Laphamia,63415,2004,583
884,91909,Ropalospora Lichen,64320,2009,220
885,34660,Dixie Grapefern,33813,1984,231
886,57257,Marvel Dewberry,98983,1994,248
887,90372,Small Twistedstalk,32950,2000,360
888,58998,Fimbry,93544,2010,559
889,22142,Tortula Moss,53719,2001,284
890,73376,Gigantochloa,81899,2003,586
891,37185,Kosteletzkya,59305,1994,263
892,58735,Fishscale Bamboo,74844,1995,482
893,72895,Disjuct Melanelia Lichen,93418,2004,470
894,63641,Bonneville Saltbush,76354,2000,364
895,95912,Garden Heliotrope,43728,2013,526
896,63202,False Serviceberry,23008,2005,224
897,84619,Philippine Watercrown Grass,53308,2010,580
898,16700,Beardlip Penstemon,99511,1988,379
899,89704,Newberry's Milkvetch,79485,2010,565
900,16531,Dwarf Alpine Hawksbeard,17890,2011,258
901,83264,Capillary Hairsedge,55893,2011,252
902,46108,Sand Buckwheat,42188,2003,314
903,92317,Yerba Maravilla,91684,2010,397
904,71900,Asplenium Ladyfern,69524,2012,264
905,13033,Cardinal Catchfly,53131,2010,338
906,11172,Brookweed,25720,1984,567
907,42882,Fewflower Navarretia,24939,2009,525
908,53854,Australian Redcedar,31110,1989,420
909,28728,Gama Medic,19275,2011,309
910,91703,Sierra Madre Lobelia,47607,2009,420
911,82909,Hybrid Hickory,76964,1987,512
912,23930,Parlin's Pussytoes,84830,1967,500
913,60999,Klamath Cinquefoil,27071,1992,364
914,31436,Manicoba Rubber,72947,1998,257
915,43299,Woodland Tickseed,85822,1995,412
916,28360,Bristlyleaf Rockcress,21923,2010,456
917,16786,Snowpeaks Raspberry,14552,2010,552
918,36579,Entireleaf Mountain-avens,97438,2007,372
919,46513,Mexican Candelina Lichen,22587,1998,556
920,23284,California Zahlbrucknerella Lichen,81225,2003,398
921,57481,White Rosemallow,14671,1986,344
922,25149,Brewer's Cliffbrake,64733,2011,573
923,64612,Florida Purple Bladderwort,97445,1988,545
924,19205,Ross' Avens,23479,1987,255
925,63691,Trans-pecos Morning-glory,29013,1993,303
926,99131,Dakota Barley,49050,2011,460
927,65695,Starved Panicgrass,67897,1999,341
928,11321,Rustyseed Paspalum,92460,2011,573
929,61660,Spotted Evening Primrose,13227,2008,251
930,92475,Cusick's Serviceberry,57035,2010,470
931,32129,Waianae Range Hala Pepe,35299,2003,351
932,24163,Alpine Serpentweed,29068,1994,577
933,27364,Pele Clermontia,39016,2010,324
934,35969,China Doll,63789,2003,253
935,49303,Shortfruit Evening Primrose,83146,1988,344
936,28029,Blue Mountain Milkvetch,88595,2010,430
937,13043,Wright's Golden Saxifrage,56381,2001,401
938,93654,Sonoran Oak,47074,1999,465
939,91928,Hupilo,31905,1994,203
940,42238,Cup Lichen,40170,1991,354
941,64225,Waxflower Shinleaf,11935,1986,387
942,90553,Oahu Melicope,62958,2004,359
943,91134,Longhorn Plectritis,82897,1987,250
944,82184,Sensitive Fern,47899,2001,472
945,21699,St. Johnswort,10774,1996,320
946,83287,Hemlockparsley,70992,2005,276
947,47364,Snow Arnica,17061,1999,469
948,32564,Tundra Pohlia Moss,13380,2010,339
949,79093,Western Catchfly,68824,2001,277
950,74900,Alumroot,13450,2003,484
951,85560,Hale's Rosette Lichen,10024,1990,492
952,61791,Dwarf Purple Monkeyflower,12049,1995,283
953,18924,Annual Rabbitsfoot Grass,49666,2009,348
954,29057,Cucumberleaf Sunflower,65305,1994,521
955,61397,Kauai Hau Kuahiwi,75951,1958,307
956,63260,Narrowleaf Spiderling,41460,1987,266
957,36645,Hairy Signalgrass,61052,1998,338
958,67580,Shrubby St. Johnswort,68467,1999,539
959,49713,Licania,53364,1994,297
960,98066,Newfoundland Dwarf Birch,62771,2009,515
961,57686,Dot Lichen,59000,2005,462
962,75723,Dakota Barley,66688,1998,418
963,26824,Woodland Lettuce,61337,2007,446
964,91149,Nakedstem Phacelia,64491,2002,404
965,63998,Thalassia,69596,1982,298
966,18410,Arizona Lupine,17658,1994,291
967,71412,Shortfruit Stork's Bill,79425,1997,290
968,80248,Broadfruit Mariposa Lily,71445,1988,276
969,93283,Earleaf Brickellbush,87739,1980,226
970,15620,Greenflower Indian Mallow,70864,2012,598
971,20504,Wart Lichen,72676,2011,480
972,19144,Wild Hollyhock,33826,1997,268
973,56268,Fragrant Cryptantha,68859,1992,471
974,20020,Verde Four-nerve Daisy,66477,2006,510
975,54999,Launaea,44601,2004,303
976,99583,Maui Reedgrass,54192,2004,504
977,59539,Na'ena'e Pua Melemele,72471,2009,348
978,92416,Saskatoon Serviceberry,93008,1993,361
979,33906,Giant Woollystar,17622,2006,348
980,24772,Profuseflower Mesamint,91843,2010,490
981,38711,Colorado Four O'clock,13612,1996,541
982,60985,Barbados Shrub,29555,1997,227
983,98478,Hillebrand's Phyllostegia,69414,1988,201
984,55982,Phlox,84546,1986,398
985,10913,Assam Tea,67221,2001,289
986,70670,Texas Quillwort,21324,2006,311
987,95343,Grinnell's Beardtongue,92267,1991,361
988,55811,Chokeberry,48268,2004,446
989,74100,Wavyleaf Indian Paintbrush,24342,2008,574
990,87403,Western Buttercup,14015,1994,537
991,17267,Macfadyen's Camasey,98580,1988,236
992,15309,Halodule,77701,1993,600
993,43928,Intermountain Bladderpod,41782,1994,563
994,81266,Tibey Parasito,50878,1991,451
995,92360,Philodendron,22680,1992,338
996,97852,Camphor Daisy,68455,2006,213
997,96932,Skin Lichen,84691,2009,270
998,98312,Newberry's Cinquefoil,26397,1990,269
999,84105,Bluedome Primrose,72500,2011,291
1000,41862,Tuber Anemone,16499,2010,571
